Gender;Birthdate;Age;Product;Date;Time;Quantity;Revenue
Женский;1977-08-17;48.0;Cactus Gel Pen;2023-03-18;22:09:49;1;2284.51
Женский;1977-08-17;48.0;Desk Friends - Dino;2023-03-18;22:09:49;1;6520.38
Женский;1977-08-17;48.0;Desk Friends - Shark;2023-02-23;21:59:58;1;6499.18
Женский;1977-08-17;48.0;Gel Pen - Hello Summer - Pink - Ice Pop;2023-03-18;22:09:49;1;1856.17
Женский;1977-08-17;48.0;Hug Me - Glue Stick;2023-03-18;22:09:49;1;904.3
Женский;1977-08-17;48.0;Meow - Correction Tape;2023-02-23;21:59:58;1;1755.24
Женский;1977-08-17;48.0;Mini Friends - Mini Stapler;2023-03-18;22:09:49;1;3236.42
Женский;1977-08-17;48.0;Pencil- Ruler;2023-03-18;22:09:49;1;1285.04
Женский;1977-08-17;48.0;Puzzle - Stars;2023-05-03;22:07:43;1;9164.02
Женский;1977-08-17;48.0;Puzzle - Word Cities;2023-02-23;21:59:58;1;9250.6
Женский;1977-08-17;48.0;Tape By Tape - Cute Animals;2023-03-18;22:09:49;1;3474.36
Женский;1977-08-17;48.0;Unicorn Slurp - Correction Tape;2023-03-18;22:09:49;1;2200.0
Женский;1977-08-17;48.0;Xoxo - Lipstick Scented Eraser - Panda;2023-03-18;22:09:49;1;1285.04
Женский;1977-08-17;48.0;Zangak էկո տոպրակ (Ա3);2023-02-23;21:59:58;1;296.63
Женский;1977-08-17;48.0;Zangak էկո տոպրակ (Ա4);2023-05-03;22:07:43;1;200.0
Женский;1977-08-17;48.0;Եգիպտոսը խոշորացույցով;2023-02-23;21:59:58;1;7660.65
Женский;1977-08-17;48.0;Երկնագույն նետը;2023-06-26;22:05:34;1;2700.0
Женский;1977-08-17;48.0;Խենթը;2023-09-07;22:01:12;1;3763.5
Женский;1977-08-17;48.0;Կրծքանշան;2023-07-28;21:58:25;1;189.97
Женский;1977-08-17;48.0;Պատվի համար;2023-07-28;21:58:25;1;2364.9
Женский;1977-08-17;48.0;Սպիտակ ժանիք;2023-07-28;21:58:25;1;2361.9
Женский;1977-08-17;48.0;Տետր Պատմություն;2023-03-18;22:09:49;1;663.7
Женский;1977-08-17;48.0;Քաոս;2023-07-28;21:58:25;1;4264.38
Женский;1992-12-24;33.0;Zangak էկո տոպրակ (Ա3);2023-01-06;21:51:52;1;300.0
Женский;1992-12-24;33.0;Առևանգում, որ ցնցեց կատուների քաղաքը;2023-01-06;21:51:52;2;5842.76
Женский;1992-12-24;33.0;Եվայի երազը;2023-01-06;21:51:52;1;2921.35
Женский;1992-12-24;33.0;Խառնիր ու համընկեցրու;2023-01-06;21:51:52;1;3712.78
Женский;1992-12-24;33.0;Մշուշի հովիտը;2023-09-09;21:41:48;1;3830.4
Женский;1992-12-24;33.0;Տառապանքի ուղիներում;2023-05-25;22:03:57;1;5270.4
Женский;1990-08-20;35.0;Zangak էկո տոպրակ (Ա3) ամանորյա;2023-12-23;23:24:47;1;294.41
Женский;1990-08-20;35.0;Zangak էկո տոպրակ (Ա4);2023-04-17;21:59:05;1;200.0
Женский;1990-08-20;35.0;Zangak էկո տոպրակ (Ա4) ամանորյա;2023-12-26;22:57:23;1;197.92
Женский;1990-08-20;35.0;Мозг. Ваша личная история;2023-10-15;22:07:38;1;2660.0
Женский;1990-08-20;35.0;Тонкое искусство пофигизма: Парадоксальный способ жить счастливо;2023-04-22;21:58:30;1;5856.0
Женский;1990-08-20;35.0;Գլխարկ - Հավատա քեզ KAR Comedy;2023-12-26;22:57:23;1;6828.14
Женский;1990-08-20;35.0;Գրչատուփ - Հավատա քեզ KAR Comedy;2023-12-23;23:24:47;1;2869.81
Женский;1990-08-20;35.0;Երբեք մենակ մի ճաշեք;2023-10-15;22:07:38;1;5750.4
Женский;1990-08-20;35.0;Ընթերցանության վարժարան 1-2-րդ դասարաններ;2023-04-17;21:59:05;1;1640.5
Женский;1990-08-20;35.0;Իմ առաջին ընթերցարանը;2023-04-17;21:59:05;1;2328.0
Женский;1990-08-20;35.0;Հակափխրունություն;2023-07-15;21:59:06;1;7388.94
Женский;1990-08-20;35.0;Հապշտապ - Հավատա քեզ - KAR Comedy;2023-10-15;22:07:38;1;5664.0
Женский;1990-08-20;35.0;Շապիկ - Հավատա քեզ KAR Comedy;2023-12-26;22:57:23;1;5838.52
Женский;1990-08-20;35.0;Շարլոթի սարդոստայնը;2023-12-26;22:57:23;1;3265.61
Женский;1990-08-20;35.0;Շվեյցարացի ռոբինզոնները;2023-10-15;22:07:38;1;2592.0
Женский;1990-08-20;35.0;Ուսապարկ - Հավատա քեզ KAR Comedy;2023-12-23;23:24:47;1;12143.67
Женский;1990-08-20;35.0;Սև Գեղեցկաբաշը;2023-10-15;22:07:38;1;2592.0
Женский;1990-06-04;35.0;Zangak էկո տոպրակ (Ա3) ամանորյա;2023-12-29;23:11:56;1;295.43
Женский;1990-06-04;35.0;Կեսգիշերի զավակները;2023-12-29;23:11:56;1;5865.0
Женский;1990-06-04;35.0;Հայրենիք;2023-12-29;23:11:56;1;4930.0
Женский;1990-06-04;35.0;Հրապարակն ու Աշտարակը;2023-12-29;23:11:56;1;5780.0
Женский;1967-10-01;58.0;Magic Cube;2023-09-02;22:08:46;1;5136.0
Женский;1967-10-01;58.0;Winnie-the-Pooh: All About Eeyore;2023-03-09;21:48:50;1;2400.0
Женский;1967-10-01;58.0;Winnie-the-Pooh: All About Piglet;2023-03-09;21:48:50;1;2400.0
Женский;1967-10-01;58.0;Xoxo - Lipstick Scented Eraser - Panda;2023-02-24;22:13:24;1;1296.0
Женский;1967-10-01;58.0;Zangak էկո տոպրակ (Ա3) ամանորյա;2023-06-01;22:00:04;1;292.44
Женский;1967-10-01;58.0;Zangak էկո տոպրակ (Ա4);2023-09-02;22:08:46;1;200.0
Женский;1967-10-01;58.0;Гравити Фолз. Полная история. Сезон 1;2023-06-01;22:00:04;1;10843.56
Женский;1967-10-01;58.0;Եվրատեսիլ - Հոլ;2023-08-01;21:56:53;1;5820.0
Женский;1967-10-01;58.0;Հայտորոշիչ թեստեր Մայրենի 4;2023-08-01;21:56:53;1;873.0
Женский;1967-10-01;58.0;Հին երկրից բերած խրատական առակներ;2023-09-02;22:08:46;1;572.3
Женский;1967-10-01;58.0;Քանոն 15cm;2023-02-24;22:13:24;1;576.0
Женский;1984-01-21;41.0;Bookmark - Book Lover;2023-12-09;22:00:00;1;1978.66
Женский;1984-01-21;41.0;Bookmark - Dino;2023-12-09;22:00:00;1;1978.66
Женский;1984-01-21;41.0;Bookmark - Little Prince;2023-12-09;22:00:00;1;1978.66
Женский;1984-01-21;41.0;Bookmark - Owl;2023-12-09;22:00:00;1;1978.66
Женский;1984-01-21;41.0;Bookmark - Space;2023-12-09;22:00:00;1;1978.66
Женский;1984-01-21;41.0;geek power !;2023-05-29;17:11:29;1;1507.87
Женский;1984-01-21;41.0;Gift Bag - Medium - Space;2023-05-29;17:11:29;1;1995.0
Женский;1984-01-21;41.0;la dolce vita;2023-05-29;17:11:29;1;1507.87
Женский;1984-01-21;41.0;Led Reading Light - Mini Night Dream;2023-12-09;22:00:00;1;5559.06
Женский;1984-01-21;41.0;Rechargeable Clip Book Light Red;2023-12-09;22:00:00;1;8574.2
Женский;1984-01-21;41.0;tea time;2023-05-29;17:11:29;1;1507.87
Женский;1984-01-21;41.0;Tiger 3D Wooden Puzzle;2023-05-29;17:11:29;1;4523.62
Женский;1984-01-21;41.0;Zangak էկո տոպրակ (Ա3);2023-05-29;17:11:29;1;297.73
Женский;1984-01-21;41.0;Zangak էկո տոպրակ (Ա4);2023-12-09;22:00:00;1;198.44
Женский;1984-01-21;41.0;Большая книга зверей;2023-05-29;17:11:29;1;17246.47
Женский;1984-01-21;41.0;Раскраска по номерам Монстры на вечеринке;2023-05-29;17:11:29;1;753.91
Женский;1984-01-21;41.0;Фантастический космос.Ракеты и пришельцы.Более 100идей для космических приключений. Давай рисовать;2023-05-29;17:11:29;1;2261.81
Женский;1984-01-21;41.0;Բացիկ - collect moments;2023-05-29;17:11:29;1;1507.87
Женский;1984-01-21;41.0;Բացիկ - fly away with me;2023-05-29;17:11:29;1;1507.87
Женский;1984-01-21;41.0;Բացիկ - hello beauty;2023-05-29;17:11:29;1;1507.87
Женский;1984-01-21;41.0;Բացիկ - just for you;2023-05-29;17:11:29;1;1507.87
Женский;1984-01-21;41.0;Վիշապ․ Տուրբոկնոջ հարձակումը;2023-05-29;17:11:29;1;1714.37
Мужской;1990-01-04;35.0;Zangak էկո տոպրակ (Ա3);2023-02-23;22:14:47;1;300.0
Мужской;1990-01-04;35.0;Zangak էկո տոպրակ (Ա4);2023-02-27;22:02:32;1;200.0
Мужской;1990-01-04;35.0;Աղջիկ ջան, մի արդարացիր;2023-02-27;22:02:32;1;4656.0
Мужской;1990-01-04;35.0;Բանակցային առաջնագծում;2023-03-30;22:02:56;1;5800.0
Мужской;1990-01-04;35.0;Կոշկավոր կատուն  - համայնապատկեր;2023-03-26;21:59:52;1;1447.5
Мужской;1990-01-04;35.0;Միլիոնանոոոոոոց գաղափարը;2023-02-23;22:14:47;1;2900.3
Мужской;1990-01-04;35.0;Սրճենի (փոքր);2023-01-24;22:02:53;1;5693.5
Мужской;1990-01-04;35.0;Սփիֆեն;2023-02-23;22:14:47;1;2425.0
Мужской;1990-01-04;35.0;Փիսոն խաղում է բակում;2023-03-26;21:59:52;1;1794.5
Женский;1990-02-13;35.0;Erasable Gel Pen - Erasable Pen - Flora;2023-12-17;22:23:39;1;1330.0
Женский;1990-02-13;35.0;Erasable Pen - Bunny;2023-12-17;22:23:39;1;1330.0
Женский;1990-02-13;35.0;Erasable Pen - Panda - Black;2023-12-17;22:23:39;1;1330.0
Женский;1990-02-13;35.0;Haikyu!!, Vol. 1;2023-12-17;22:23:39;1;5035.0
Женский;1990-02-13;35.0;Saghmos ceramics;2023-12-17;22:23:39;1;4032.0
Женский;1990-02-13;35.0;Secret Diary With Padlock - My SecretDiary - Unicorn;2023-12-17;22:23:39;1;7695.0
Женский;1990-02-13;35.0;Поваренная книга Гарри Поттера;2023-12-17;22:23:39;1;9215.0
Женский;1990-02-13;35.0;"Турагентство ""Волшебные миры"". Книга 1";2023-12-17;22:23:39;1;4085.0
Женский;1990-02-13;35.0;Ալիսը հայելու աշխարհում;2023-04-30;21:56:53;1;2600.0
Женский;1990-02-13;35.0;Ալիսը հրաշքների աշխարհում;2023-05-02;22:10:01;1;2496.0
Женский;1990-02-13;35.0;Աննան կանաչ կտուրներից;2023-02-19;22:09:32;1;3360.63
Женский;1990-02-13;35.0;Գիրք Մադմուազել Ուազոյի մասին;2023-12-17;22:23:39;1;4320.0
Женский;1990-02-13;35.0;Երկարագուլպա Պիպին;2023-02-19;22:09:32;1;1680.32
Женский;1990-02-13;35.0;Էմիլը Լյոնեբերգայից;2023-04-30;21:56:53;1;2000.0
Женский;1990-02-13;35.0;Էջանիշ - Keep In Mind - Page Markers -Fruits;2023-12-17;22:23:39;1;1995.0
Женский;1990-02-13;35.0;Էջանիշ Էնդի Ուորհոլ;2023-12-01;22:06:51;1;490.0
Женский;1990-02-13;35.0;Էջանիշ․ Մերլին Մոնրո;2023-12-01;22:06:51;1;472.85
Женский;1990-02-13;35.0;Թելեթրիփ;2023-04-30;21:56:53;1;3700.0
Женский;1990-02-13;35.0;Թոմ Գեյթս. Հիանալի արդարացումներ;2023-11-12;23:09:06;1;3264.0
Женский;1990-02-13;35.0;Լյոնեբերգացի Էմիլի նոր չարաճճիությունները;2023-04-30;21:56:53;1;2200.0
Женский;1990-02-13;35.0;Կախարդին գումարած ագռավ;2023-04-30;21:56:53;1;3900.0
Женский;1990-02-13;35.0;Հարրի Փոթերը և Փիլիսոփայական քարը;2023-02-19;22:09:32;1;3589.77
Женский;1990-02-13;35.0;Հեքիաթներ հեռախոսով;2023-02-19;22:09:32;1;2214.96
Женский;1990-02-13;35.0;Մաթիլդան;2023-02-19;22:09:32;1;2665.59
Женский;1990-02-13;35.0;Մումիտրոլներն ու գիսաստղը;2023-05-02;22:10:01;1;3552.0
Женский;1990-02-13;35.0;Մումիտրոլներն ու մեծ ջրհեղեղը;2023-05-02;22:10:01;1;2592.0
Женский;1990-02-13;35.0;Շուտով կգնամ 4-րդ դասարան;2023-03-06;21:58:54;1;960.0
Женский;1990-02-13;35.0;Ոզնու նրբագեղությունը;2023-12-01;22:06:51;1;4753.0
Женский;1990-02-13;35.0;Պիպին Հարավային ծովում;2023-04-30;21:56:53;1;2200.0
Женский;1990-02-13;35.0;Պիպին նավի վրա;2023-04-30;21:56:53;1;2200.0
Женский;1990-02-13;35.0;Քորլայն;2023-02-19;22:09:32;1;2978.73
Женский;1998-12-03;27.0;Nice Hair - Hairbrush - Unicorn;2023-09-14;22:11:59;1;3154.76
Женский;1998-12-03;27.0;Super Moon - Glow In The Dark;2023-09-14;22:11:59;1;3201.18
Женский;1998-12-03;27.0;The Metamorphosis and Other Stories;2023-12-24;23:05:07;1;4180.0
Женский;1998-12-03;27.0;Zangak էկո տոպրակ (Ա4);2023-09-14;22:11:59;1;195.58
Женский;1998-12-03;27.0;Գարուն 11.12.2005;2023-10-03;22:04:42;1;960.0
Женский;1998-12-03;27.0;Գուաշ 6 գույն Прикольные коты;2023-08-05;22:06:05;1;1045.0
Женский;1998-12-03;27.0;Գրիչ Urbanwrite կապույտ;2023-08-29;22:06:36;1;465.5
Женский;1998-12-03;27.0;Գրքի կազմ - ինքնակպչուն;2023-08-29;22:06:36;1;1300.0
Женский;1998-12-03;27.0;Ես և շրջակա աշխարհը 3 Աշխատանքային տետր;2023-08-29;22:06:36;1;336.0
Женский;1998-12-03;27.0;Ես և շրջակա աշխարհը 3 Թեմատիկ և կիսամյակային;2023-08-29;22:06:36;1;336.0
Женский;1998-12-03;27.0;Էջանիշ․ Ֆրանց Կաֆկա;2023-12-24;23:05:07;1;470.4
Женский;1998-12-03;27.0;Խոսք և հաղորդակցություն 3 Աշխատանքայինտետր;2023-08-29;22:06:36;1;960.0
Женский;1998-12-03;27.0;Կարճ նամակ երկար հրաժեշտից առաջ;2023-08-08;22:01:54;1;3490.0
Женский;1998-12-03;27.0;Հայտորոշիչ թեստեր Մայրենի 3;2023-11-09;21:57:10;1;864.0
Женский;1998-12-03;27.0;Մորելի գյուտը;2023-11-25;22:00:45;1;2870.4
Женский;1998-12-03;27.0;Չոփչոփիկ;2023-09-14;22:11:59;1;1866.38
Женский;1998-12-03;27.0;Վիշապաքարի գաղտնիքը;2023-03-14;22:01:54;1;4790.4
Женский;1998-12-03;27.0;Տետր Նոյան տապան տողանի 12 էջ;2023-08-29;22:06:36;20;3456.0
Женский;1998-12-03;27.0;Տետր Նոյան տապան քառակուսի 12 էջ;2023-08-29;22:06:36;10;1728.0
Женский;1998-12-03;27.0;Տետրի կազմ;2023-08-29;22:06:36;1;600.0
Женский;1998-12-03;27.0;Օրագիր - Unicorn dream 48 էջ;2023-08-29;22:06:36;1;2945.0
Женский;1989-03-29;36.0;Arcade Mini;2023-12-21;21:54:31;1;8360.0
Женский;1989-03-29;36.0;Erasable Gel Pen - Erasable Pen - Flora;2023-11-02;22:01:23;1;1318.77
Женский;1989-03-29;36.0;Erasable Gel Pen - Koala - Red;2023-11-02;22:01:23;1;1307.82
Женский;1989-03-29;36.0;Erasable Pen - Astronaut - Black;2023-11-15;22:25:36;4;5316.19
Женский;1989-03-29;36.0;Erasable Pen - Bear - Blue;2023-11-15;22:25:36;2;2658.1
Женский;1989-03-29;36.0;Erasable Pen - Cat - Black;2023-11-02;22:01:23;1;1307.82
Женский;1989-03-29;36.0;Erasable Pen - Elephant - Blue;2023-11-15;22:25:36;3;3987.18
Женский;1989-03-29;36.0;Erasable Pen - Llama - Blue;2023-11-02;22:01:23;2;2615.65
Женский;1989-03-29;36.0;Erasable Pen - Shark - Blue;2023-11-02;22:01:23;3;3956.32
Женский;1989-03-29;36.0;Erasable Pen - Unicorn - Pink;2023-11-02;22:01:23;2;2637.56
Женский;1989-03-29;36.0;Mini Friends - Mini Stapler;2023-10-24;21:40:39;1;3224.46
Женский;1989-03-29;36.0;Zangak էկո տոպրակ (Ա3);2023-04-30;21:53:43;1;300.0
Женский;1989-03-29;36.0;Zangak էկո տոպրակ (Ա3) ամանորյա;2023-12-21;21:54:31;1;295.16
Женский;1989-03-29;36.0;Zangak էկո տոպրակ (Ա4);2023-11-02;22:01:23;4;779.33
Женский;1989-03-29;36.0;Zangak էկո տոպրակ (Ա5);2023-11-15;22:25:36;1;148.4
Женский;1989-03-29;36.0;Гравити Фолз. Дневник 3;2023-04-30;21:53:43;1;13530.1
Женский;1989-03-29;36.0;Карандаш Механический С Трехгранным Грипом Finegraphix 0,5мм;2023-11-15;22:25:36;2;1234.13
Женский;1989-03-29;36.0;Բալզակ. Մի շան պատմություն;2023-11-02;22:01:23;1;2171.57
Женский;1989-03-29;36.0;Երփներանգ շղարշ;2023-10-24;21:40:39;1;2683.44
Женский;1989-03-29;36.0;Հապշտապ - Հավատա քեզ - KAR Comedy;2023-10-24;21:40:39;1;5624.9
Женский;1989-03-29;36.0;Հեքիաթներ անիմացված կազմով;2023-11-02;22:01:23;1;5948.21
Женский;1989-03-29;36.0;Մրցավազք Հռոմում;2023-12-21;21:54:31;1;2112.0
Женский;1989-03-29;36.0;Նախաճաշ Թիֆընիի մոտ;2023-02-20;22:00:00;1;2379.95
Женский;1989-03-29;36.0;Պատմվածքներ, Բալլադներ, Պոեմներ;2023-11-02;22:01:23;1;4329.53
Женский;1989-03-29;36.0;Սեղանի խաղ «LOGO»;2023-12-21;21:54:31;1;6135.13
Женский;1989-03-29;36.0;Սպանությունների ակումբ՝ ամեն հինգշաբթի;2023-12-21;21:54:31;1;6418.25
Женский;1989-03-29;36.0;Տետր 48 էջ - Русский Язык;2023-10-24;21:40:39;1;843.37
Женский;1989-03-29;36.0;Տետր Աշխարհագրություն;2023-10-24;21:40:39;1;661.28
Женский;1989-03-29;36.0;Տետր Բնագիտություն;2023-10-24;21:40:39;1;843.37
Женский;1989-03-29;36.0;Տետր Մաթեմատիկա;2023-10-24;21:40:39;2;1686.73
Женский;1989-03-29;36.0;Տետր Պատմություն;2023-10-24;21:40:39;1;661.28
Женский;1989-03-29;36.0;Օլիվեր Թվիստի արկածները;2023-12-21;21:54:31;1;4709.86
Женский;1989-03-29;36.0;Օրվա մնացորդը;2023-11-02;22:01:23;1;4531.97
Женский;1989-03-29;36.0;Ֆլոմաստեր Faber-Castell Metallics berry nice;2023-11-02;22:01:23;1;887.45
Женский;1989-03-29;36.0;Ֆուտբոլ 12;2023-01-06;21:51:52;1;5693.5
Мужской;1978-06-04;47.0;Harry Potter and the Half-Blood Prince;2023-06-24;21:58:21;1;8360.0
Мужской;1978-06-04;47.0;Zangak էկո տոպրակ (Ա3);2023-03-13;21:56:15;1;297.46
Мужской;1978-06-04;47.0;Zangak էկո տոպրակ (Ա5) ամանորյա;2023-02-01;22:27:50;1;147.59
Мужской;1978-06-04;47.0;Гарри Поттер и Принц-полукровка;2023-02-01;22:27:50;1;8780.41
Мужской;1978-06-04;47.0;Ակադեմիա;2023-03-13;21:56:15;1;5742.67
Мужской;1978-06-04;47.0;Ակադեմիան և կայսրությունը;2023-03-13;21:56:15;1;5742.73
Мужской;1978-06-04;47.0;Ամենաարդյունավետ մարդկանց 7 սովորույթները;2023-03-13;21:56:15;1;6199.11
Мужской;1978-06-04;47.0;Աննան Ավոնլեայում;2023-06-24;21:58:21;1;4224.0
Мужской;1978-06-04;47.0;Առեղծվածային պատահար Սթայլզում;2023-08-19;21:56:46;1;3710.93
Мужской;1978-06-04;47.0;Դիակը գրադարանում;2023-03-13;21:56:15;1;3719.51
Мужской;1978-06-04;47.0;Էնդհաուզի առեղծվածը;2023-08-19;21:56:46;1;3710.97
Мужской;1978-06-04;47.0;Թունավոր գրիչով ձեռքը;2023-06-24;21:58:21;1;3744.0
Мужской;1978-06-04;47.0;Կապույտ գնացքի առեղծվածը;2023-08-19;21:56:46;1;3710.93
Мужской;1978-06-04;47.0;Հայտարարվում է սպանություն;2023-08-19;21:56:46;1;3710.94
Мужской;1978-06-04;47.0;Հետաքննում է Պուարոն;2023-08-19;21:56:46;1;3710.97
Мужской;1978-06-04;47.0;Մահ ամպերի մեջ;2023-06-24;21:58:21;1;3744.0
Мужской;1978-06-04;47.0;Մահ Նեղոսի վրա;2023-08-19;21:56:46;1;3710.93
Мужской;1978-06-04;47.0;Մեծ քառյակը;2023-08-19;21:56:46;1;3710.97
Мужской;1978-06-04;47.0;Չարիքն արևի տակ;2023-03-13;21:56:15;1;3719.47
Мужской;1978-06-04;47.0;Ռոջեր Էքրոյդի սպանությունը;2023-08-19;21:56:46;1;3710.97
Мужской;1978-06-04;47.0;Սպանություն Արևելյան ճեպընթացում;2023-08-19;21:56:46;1;3710.93
Мужской;1978-06-04;47.0;Zangak էկո տոպրակ (Ա3);2023-09-06;22:02:30;1;300.0
Мужской;1978-06-04;47.0;Zangak էկո տոպրակ (Ա4);2023-02-28;22:00:23;1;200.0
Мужской;1978-06-04;47.0;Բալզակ. Մի շան պատմություն;2023-06-06;22:03:28;1;2208.0
Мужской;1978-06-04;47.0;Թոմ Սոյերի արկածները;2023-06-06;22:03:28;1;4310.4
Мужской;1978-06-04;47.0;Ով եմ ես;2023-09-06;22:02:30;1;4300.0
Мужской;1978-06-04;47.0;Չարլին և շոկոլադի գործարանը;2023-12-06;22:09:19;1;3290.02
Мужской;1978-06-04;47.0;Տետր Մաթեմատիկա;2023-12-06;22:09:19;1;829.57
Мужской;1978-06-04;47.0;Փափլիկստան;2023-12-06;22:09:19;1;6589.47
Мужской;1978-06-04;47.0;Փոքրիկ վհուկը;2023-02-28;22:00:23;1;3360.0
Женский;1958-10-25;67.0;Zangak էկո տոպրակ (Ա3);2023-03-19;21:58:15;1;300.0
Женский;1958-10-25;67.0;Zangak էկո տոպրակ (Ա3) ամանորյա;2023-01-20;22:04:05;1;300.0
Женский;1958-10-25;67.0;Zangak էկո տոպրակ (Ա4);2023-03-08;21:42:14;1;200.0
Женский;1958-10-25;67.0;Zangak էկո տոպրակ (Ա5);2023-05-17;22:02:04;1;150.0
Женский;1958-10-25;67.0;Агата Мистери. Загадочное происшествиенаВенском балу;2023-01-21;22:14:30;1;3072.0
Женский;1958-10-25;67.0;Агата Мистери. Модные интриги в Милане;2023-03-19;21:58:15;1;2907.12
Женский;1958-10-25;67.0;Гравити Фолз. Графический роман. Вып.4;2023-05-17;22:02:04;1;6048.0
Женский;1958-10-25;67.0;Гравити Фолз. Графический роман. Вып.6;2023-11-07;21:46:33;1;5890.0
Женский;1958-10-25;67.0;Гравити Фолз. Неизвестное измерение. Истории и многоразных развлечений;2023-11-07;21:46:33;1;3610.0
Женский;1958-10-25;67.0;Ապուշի կյանքը;2023-08-24;21:59:20;1;1800.0
Женский;1958-10-25;67.0;Արջն ու դաշնամուրը, շունն ու ջութակը;2023-03-19;21:58:15;1;3412.01
Женский;1958-10-25;67.0;Գերբնական գազաններ;2023-03-19;21:58:15;1;2748.56
Женский;1958-10-25;67.0;Գիրք Մադմուազել Ուազոյի մասին;2023-06-19;21:55:12;1;4365.0
Женский;1958-10-25;67.0;Գունավորիր հայ գեղանկարները;2023-04-29;22:00:54;1;4825.0
Женский;1958-10-25;67.0;Երեք փիսիկ, մեկ երազանք;2023-01-20;22:04:05;1;2900.3
Женский;1958-10-25;67.0;Երեք փիսիկ, մեկ հրեշ;2023-11-04;22:01:55;1;2900.3
Женский;1958-10-25;67.0;Թոմ Գեյթսի սքանչափայլ աշխարհը;2023-06-19;21:55:12;1;2813.0
Женский;1958-10-25;67.0;Իկարուսը ժամանակի եզրին;2023-03-19;21:58:15;1;3411.98
Женский;1958-10-25;67.0;Չարիքն արևի տակ;2023-08-24;21:59:20;1;3900.0
Женский;1958-10-25;67.0;Պահարանում հրեշ կա;2023-05-04;21:56:11;1;3395.0
Женский;1958-10-25;67.0;Քաչալ ոզնին;2023-03-08;21:42:14;1;2688.0
Женский;1958-10-25;67.0;Քորլայն;2023-02-07;21:59:42;1;3579.21
Женский;1958-10-25;67.0;Քվիդիչ. մի խաղի պատմություն;2023-03-29;22:01:34;1;2813.0
Женский;1994-06-12;31.0;Zangak էկո տոպրակ (Ա3) ամանորյա;2023-01-23;19:59:57;1;295.68
Женский;1994-06-12;31.0;Zangak էկո տոպրակ (Ա4);2023-02-15;22:10:06;1;195.06
Женский;1994-06-12;31.0;Стамбульский бастард;2023-01-27;22:00:03;1;5376.0
Женский;1994-06-12;31.0;Хазарский словарь (мужская версия);2023-02-18;22:04:53;1;1873.75
Женский;1994-06-12;31.0;Առաքում 1500;2023-01-23;19:59:57;1;985.61
Женский;1994-06-12;31.0;Երբ խաղադրույքը սեփական մաշկդ է;2023-07-13;21:58:00;1;7388.94
Женский;1994-06-12;31.0;Էջանիշ Էդգար Ալան Պո;2023-02-18;22:04:53;1;367.25
Женский;1994-06-12;31.0;Էս ինչ եք անում, տղերք;2023-01-23;19:59:57;1;4682.44
Женский;1994-06-12;31.0;Ժանտախտը;2023-01-23;19:59:57;1;5724.04
Женский;1994-06-12;31.0;Կյանքը հին հռովմեական ճանապարհի վրա;2023-02-15;22:10:06;1;2717.32
Женский;1994-06-12;31.0;Նահանջ առանց երգի;2023-01-23;19:59:57;1;2580.15
Женский;1994-06-12;31.0;Սոլարիս;2023-02-15;22:10:06;1;3626.08
Женский;1994-06-12;31.0;Ստամբուլ հուշերի քաղաք;2023-02-18;22:04:53;1;5239.0
Женский;1994-06-12;31.0;Վերջին փորձությունը;2023-02-15;22:10:06;1;5443.66
Женский;1994-06-12;31.0;Փաթեթավորում;2023-02-15;22:10:06;1;434.39
Женский;1994-01-29;31.0;Zangak էկո տոպրակ (Ա5) ամանորյա;2023-12-16;21:26:03;1;150.0
Женский;1994-01-29;31.0;Դանդաղություն;2023-12-16;21:26:03;1;3385.3
Женский;1994-01-29;31.0;Էջանիշ Թրթուր;2023-12-16;21:26:03;1;475.3
Женский;1994-01-29;31.0;Կեցության անտանելի թեթևությունը;2023-05-26;22:06:49;1;4840.3
Женский;1994-01-29;31.0;Հեռացողների եւ մնացողների պատմությունը;2023-05-26;22:06:49;1;5626.0
Женский;1994-01-29;31.0;Հրեշտակներ և դևեր;2023-03-25;21:57:02;1;7275.0
Женский;1994-01-29;31.0;Վերջին փորձությունը;2023-03-25;21:57:02;1;5810.3
Женский;2005-03-25;20.0;Degas;2023-12-27;23:01:34;1;10864.0
Женский;2005-03-25;20.0;Kandinsky;2023-12-27;23:01:34;1;10864.0
Женский;2005-03-25;20.0;Matisse;2023-12-27;23:01:34;1;10864.0
Женский;2005-03-25;20.0;Modigliani;2023-12-27;23:01:34;1;10864.0
Женский;2005-03-25;20.0;Monet;2023-12-27;23:01:34;1;10864.0
Женский;2005-03-25;20.0;Schiele;2023-12-27;23:01:34;1;10864.0
Женский;2005-03-25;20.0;Zangak էկո տոպրակ (Ա3) ամանորյա;2023-12-26;23:13:20;2;581.09
Женский;2005-03-25;20.0;Zangak էկո տոպրակ (Ա4) ամանորյա;2023-12-26;23:13:20;1;186.7
Женский;2005-03-25;20.0;Принципы. Жизнь и работа;2023-12-27;23:01:34;1;19968.0
Женский;2005-03-25;20.0;Կարիբյան գաղտնիք;2023-12-26;23:13:20;1;3640.54
Женский;2005-03-25;20.0;Կաֆկա (պատմվածքներ, աֆորիզմներ) հատոր1;2023-12-26;23:13:20;1;5621.5
Женский;2005-03-25;20.0;Հայրիկ, դու խենթ ես;2023-06-21;22:05:19;1;3385.3
Женский;2005-03-25;20.0;Հետաքննում է Պուարոն;2023-12-26;23:13:20;1;3640.57
Женский;2005-03-25;20.0;Հոբ;2023-12-27;23:01:34;1;2619.0
Женский;2005-03-25;20.0;Մոռացված սպանություն;2023-12-26;23:13:20;1;3777.07
Женский;2005-03-25;20.0;Պետրոսիկը և Լուսինը;2023-12-26;23:13:20;1;3190.83
Женский;2005-03-25;20.0;Սիրային բացիկ - Սեր;2023-06-21;22:05:19;1;970.0
Женский;2005-03-25;20.0;Սիրերգություն;2023-12-27;23:01:34;1;4850.0
Женский;2005-03-25;20.0;Սպիտակ կտորե պայուսակ - Անահիտ;2023-04-16;22:02:11;1;5723.0
Женский;1982-10-16;43.0;Zangak էկո տոպրակ (Ա4);2023-08-27;21:45:46;1;197.18
Женский;1982-10-16;43.0;Այն ինչ չեն սովորեցնում դպրոցում․ Տիեզերք;2023-04-18;22:02:26;1;4728.5
Женский;1982-10-16;43.0;Աշխարհի չեմպիոն Դանին;2023-08-27;21:45:46;1;3336.09
Женский;1982-10-16;43.0;Գիրք Մադմուազել Ուազոյի մասին;2023-08-27;21:45:46;1;4301.55
Женский;1982-10-16;43.0;Ինչքան բան ունեինք իրար ասելու;2023-08-27;21:45:46;1;5725.78
Женский;1982-10-16;43.0;Իջիր դուրս, խաղանք;2023-04-18;22:02:26;1;3900.0
Женский;1994-06-09;31.0;French Women Dont Get Fat;2023-05-31;22:01:10;1;6270.0
Женский;1994-06-09;31.0;Madame Bovary;2023-03-18;21:57:14;1;4940.0
Женский;1994-06-09;31.0;Noise;2023-01-14;22:04:40;1;6624.0
Женский;1994-06-09;31.0;Read This if You Want to Be InstagramFamous;2023-07-18;22:00:42;1;7800.0
Женский;1994-06-09;31.0;Стратегический маркетинг;2023-11-08;21:59:49;1;5890.0
Женский;1994-06-09;31.0;Աննան կանաչ կտուրներից;2023-02-18;22:22:31;1;4224.0
Женский;1994-06-09;31.0;Աստվածային կատակերգություն;2023-05-15;21:58:29;1;6710.4
Женский;1994-06-09;31.0;Արվեստի վարպետներ-խճանկար;2023-12-14;22:00:35;1;5750.4
Женский;1994-06-09;31.0;Էնեական;2023-07-18;22:00:42;1;5175.0
Женский;1994-06-09;31.0;Էջանիշ. Կլոդ Մոնե;2023-06-28;21:57:50;1;624.0
Женский;1994-06-09;31.0;Թունելից 13 կմ հեռավորության վրա;2023-03-18;21:58:24;1;4608.0
Женский;1994-06-09;31.0;Իմ գրադարանը․ Շիրվանզադե․ Քաոս;2023-06-23;21:59:46;1;3120.0
Женский;1994-06-09;31.0;Ինչքան բան ունեինք իրար ասելու;2023-01-14;22:04:40;1;5810.3
Женский;1994-06-09;31.0;Լռակյաց հիվանդը;2023-10-06;21:55:06;1;5568.0
Женский;1994-06-09;31.0;Խաղացողը;2023-07-18;22:00:42;1;5775.0
Женский;1994-06-09;31.0;Հաճախորդներ ամբողջ կյանքի համար;2023-03-18;21:57:14;1;5750.4
Женский;1994-06-09;31.0;Մանուշակագույն կով;2023-06-28;21:57:50;1;4790.4
Женский;1994-06-09;31.0;Շահնամե;2023-10-06;21:55:06;1;4790.4
Женский;1994-06-09;31.0;Ուժերի նոր բալանս;2023-06-11;22:25:17;1;5568.0
Женский;1994-06-09;31.0;Պինոկիո;2023-01-18;22:04:00;1;6984.0
Женский;1994-06-09;31.0;Սիրային նամակներ;2023-06-02;22:03:56;1;4704.0
Женский;1979-10-08;46.0;ANTARES (Fashion);2023-12-17;22:27:51;1;1835.22
Женский;1979-10-08;46.0;Desktop Pencil Sharpener - Dream Big -Unicorn;2023-12-17;22:27:51;1;4287.41
Женский;1979-10-08;46.0;Puzzle - Travel;2023-04-25;22:11:13;1;9068.96
Женский;1979-10-08;46.0;Zangak էկո տոպրակ (Ա3);2023-04-25;22:11:13;1;291.04
Женский;1979-10-08;46.0;Zangak էկո տոպրակ (Ա3) ամանորյա;2023-12-17;22:27:51;1;288.66
Женский;1979-10-08;46.0;Zangak էկո տոպրակ (Ա4);2023-10-20;21:57:35;1;200.0
Женский;1979-10-08;46.0;Zangak էկո տոպրակ (Ա5);2023-06-28;22:00:45;1;150.0
Женский;1979-10-08;46.0;Убийство Роджера Экройда;2023-06-28;22:00:45;1;2400.0
Женский;1979-10-08;46.0;Գունավոր մատիտներ - 12 գույն Me To You;2023-12-17;22:27:51;1;866.61
Женский;1979-10-08;46.0;Քամուց քշվածները. Հատոր 1;2023-10-20;21:57:35;1;5626.0
Женский;1998-01-28;27.0;16 հեքիաթ շարքից՝ Կիկոսի մահը;2023-08-14;21:58:17;1;288.0
Женский;1998-01-28;27.0;16 հեքիաթ շարքից՝ Ձախորդ Փանոսը;2023-08-14;21:58:17;1;288.0
Женский;1998-01-28;27.0;16 հեքիաթ շարքից՝ Սուտասանը;2023-08-14;21:58:17;1;288.0
Женский;1998-01-28;27.0;3-In-1 Spiral Notebook - Maxi Trio SpiralNotebook -Genius;2023-06-23;21:59:59;1;6901.22
Женский;1998-01-28;27.0;3-In-1 Spiral Notebook - Maxi Trio SpiralNotebook -Stars;2023-06-23;21:59:59;1;6901.24
Женский;1998-01-28;27.0;dream little star;2023-10-02;22:00:20;1;1600.0
Женский;1998-01-28;27.0;Gift Bag - Medium - Map;2023-10-02;22:00:20;1;2100.0
Женский;1998-01-28;27.0;I Used To Be A Newspaper Recycled Paper Pencil - Stars;2023-08-22;21:59:46;3;1680.0
Женский;1998-01-28;27.0;Quaderno Large - Lined - Stars;2023-10-02;22:00:20;1;2850.0
Женский;1998-01-28;27.0;Vincent van Gogh․ Wheatfield with Crows;2023-04-30;22:01:06;1;8604.44
Женский;1998-01-28;27.0;Windproof Lighter - Travel;2023-02-26;22:00:30;1;1536.0
Женский;1998-01-28;27.0;Zangak էկո տոպրակ (Ա3);2023-06-23;21:59:59;2;595.48
Женский;1998-01-28;27.0;Zangak էկո տոպրակ (Ա4);2023-04-30;22:01:06;1;195.56
Женский;1998-01-28;27.0;Карандаш Чернографитовый Graphix Нв;2023-08-22;21:59:46;5;525.0
Женский;1998-01-28;27.0;ԱՅԲԲԵՆԱՐԱՆ ՏԵՏՐ 2;2023-08-14;21:58:17;2;480.0
Женский;1998-01-28;27.0;ԱՅԲԲԵՆԱՐԱՆ ՏԵՏՐ 3;2023-08-14;21:58:17;1;240.0
Женский;1998-01-28;27.0;ԱՅԲԲԵՆԱՐԱՆ ՏԵՏՐ 4;2023-08-14;21:58:17;1;240.0
Женский;1998-01-28;27.0;Գրիչ FunWrite Велосипеды 0,5մմ կապույտ;2023-06-23;21:59:59;1;518.43
Женский;1998-01-28;27.0;Գրիչ FunWrite Машины Цвет красный 0,5մմ կապույտ;2023-02-26;22:00:30;1;533.5
Женский;1998-01-28;27.0;Գրիչ FunWrite Романтическое путешествие Париж 0,5մմկապույտ;2023-06-23;21:59:59;2;1036.86
Женский;1998-01-28;27.0;Գրիչ կապույտ Funwrite. Lollipop.лисички 0,5мм Синяя;2023-08-22;21:59:46;8;2744.0
Женский;1998-01-28;27.0;Գրչատուփ - Dog;2023-08-22;21:59:46;1;1610.0
Женский;1998-01-28;27.0;Գրչատուփ-հավաքածու Frutikis;2023-08-22;21:59:46;1;11830.0
Женский;1998-01-28;27.0;Թուղթ նշումի Attache;2023-08-22;21:59:46;1;343.0
Женский;1998-01-28;27.0;Նյումեգյան Էջանիշ. Ռոնալդու;2023-06-23;21:59:59;1;461.87
Женский;1998-01-28;27.0;Նշումի թուղթ դեղին ֊ Post It;2023-08-22;21:59:46;1;175.0
Женский;1998-01-28;27.0;Ուսապարկ - Dog;2023-08-22;21:59:46;1;14070.0
Женский;1998-01-28;27.0;Ուսապարկ Frutikis;2023-08-22;21:59:46;1;20230.0
Женский;1998-01-28;27.0;Ռետին Magnito ER-23 прямоугольный;2023-08-22;21:59:46;1;385.0
Женский;1998-01-28;27.0;Սոսինձ Fairy Tale;2023-08-22;21:59:46;1;420.0
Женский;1998-01-28;27.0;Սրիչ Attache Selection Nature;2023-08-22;21:59:46;1;175.0
Женский;1998-01-28;27.0;Տետր 40 էջ քառակուսի - НОЧНОЙ ЛЕС;2023-10-02;22:00:20;1;1200.0
Женский;1998-01-28;27.0;Տետր 40 էջ քառակուսի - ПРИТЯЖЕНИЕ;2023-10-02;22:00:20;1;1200.0
Женский;1998-01-28;27.0;Տետր 40 էջ քառակուսի - Сказочная галактика;2023-10-02;22:00:20;1;1200.0
Женский;1998-01-28;27.0;Քանոն 15սմ;2023-08-22;21:59:46;2;1120.0
Мужской;2009-03-01;16.0;Zangak էկո տոպրակ (Ա4);2023-01-11;22:00:36;1;195.15
Мужской;2009-03-01;16.0;Zangak էկո տոպրակ (Ա5);2023-07-03;22:15:52;1;150.0
Мужской;2009-03-01;16.0;Ամանորյա փոստային բացիկ, կատվիկ;2023-12-24;23:05:07;1;1152.0
Мужской;2009-03-01;16.0;Անուրջներ և մղձավանջներ;2023-10-06;21:58:13;1;3350.4
Мужской;2009-03-01;16.0;Գույներ;2023-12-24;23:05:07;1;2870.4
Мужской;2009-03-01;16.0;Գունավոր մատիտներ - 6 գույն Me To You;2023-01-08;21:57:21;1;475.0
Мужской;2009-03-01;16.0;Ընդվզող մարդը;2023-01-11;22:00:36;1;5605.0
Мужской;2009-03-01;16.0;Թունելից 13 կմ հեռավորության վրա;2023-02-23;21:59:58;1;4608.0
Мужской;2009-03-01;16.0;Կարիբյան գաղտնիք;2023-12-24;23:05:07;1;3744.0
Мужской;2009-03-01;16.0;ՀՀ Սահմանադրություն փոփոխություններով;2023-12-05;22:58:58;1;900.0
Мужской;2009-03-01;16.0;Մահ ամպերի մեջ;2023-07-03;22:15:52;1;3744.0
Мужской;2009-03-01;16.0;Մեզնից մեկը ստում է;2023-02-08;22:00:41;1;5800.0
Мужской;2009-03-01;16.0;Նոթատետր - The Champions;2023-02-23;21:59:58;1;470.4
Мужской;2009-03-01;16.0;Շուտով կգնամ 3-րդ դասարան;2023-02-08;22:00:41;1;960.0
Мужской;2009-03-01;16.0;Վիշապաքարի գաղտնիքը;2023-10-02;22:00:20;1;4790.4
Мужской;2009-03-01;16.0;Տետր 48 Էջ քառակուսի - Горизонт;2023-11-23;21:59:12;1;332.5
Мужской;2009-03-01;16.0;Տետր Բնագիտություն;2023-10-22;21:57:37;1;844.8
Женский;1999-07-24;26.0;Lion King - Hakuna Matata;2023-01-26;22:06:29;1;2336.76
Женский;1999-07-24;26.0;Wizard of Oz;2023-03-28;22:06:26;1;3200.0
Женский;1999-07-24;26.0;Zangak էկո տոպրակ (Ա4);2023-01-26;22:06:29;1;200.0
Женский;1999-07-24;26.0;Zangak էկո տոպրակ (Ա5);2023-11-03;21:58:14;1;150.0
Женский;1999-07-24;26.0;Вы, конечно, шутите, мистер Фейнман!;2023-09-15;22:01:47;1;2516.35
Женский;1999-07-24;26.0;Дневники. Я могу объяснить многое;2023-09-15;22:01:47;1;7642.25
Женский;1999-07-24;26.0;Монах, который продал свой феррари;2023-11-03;21:58:14;1;4940.47
Женский;1999-07-24;26.0;Ագնես;2023-08-08;21:53:09;1;2304.0
Женский;1999-07-24;26.0;Ալքիմիկոսը;2023-11-03;21:58:14;1;2870.67
Женский;1999-07-24;26.0;Դևը և օրիորդ Պրիմը;2023-08-08;21:53:09;1;3350.4
Женский;1999-07-24;26.0;Ինչ է պոպուլիզմը;2023-04-29;21:57:50;1;4608.0
Женский;1999-07-24;26.0;Նախաճաշ Թիֆընիի մոտ;2023-04-29;21:57:50;1;2400.0
Женский;1999-07-24;26.0;Սերոտոնին;2023-01-26;22:06:29;1;4858.51
Женский;1999-07-24;26.0;Սպանությունների ակումբ՝ ամեն հինգշաբթի;2023-11-03;21:58:14;1;6494.65
Женский;1995-06-12;30.0;Amazing Hair - Detangling Hair Brush -Avocado;2023-11-26;22:06:18;1;3375.0
Женский;1995-06-12;30.0;Desk Friends - Cactus;2023-11-26;22:06:18;1;5625.0
Женский;1995-06-12;30.0;Hitchhiker’S Guide To The Galaxy;2023-06-07;21:59:42;1;7392.0
Женский;1995-06-12;30.0;Meow - Correction Tape;2023-11-26;22:25:21;1;1387.5
Женский;1995-06-12;30.0;Meow - Ruler;2023-11-26;22:25:21;1;1012.5
Женский;1995-06-12;30.0;Saghmos ceramics;2023-11-26;22:06:18;1;3150.0
Женский;1995-06-12;30.0;Soap Bubbles -  Panda + Dino + Unicorn+Space;2023-11-26;22:25:21;4;4800.0
Женский;1995-06-12;30.0;Sound Machine With Fun Effects - SoundMachine - Aqua;2023-11-26;22:06:18;1;5025.0
Женский;1995-06-12;30.0;Xoxo - Lipstick Scented Eraser - Panda;2023-11-26;22:25:21;1;1012.5
Женский;1995-06-12;30.0;Zangak էկո տոպրակ (Ա3);2023-11-11;22:11:29;2;450.0
Женский;1995-06-12;30.0;Zangak էկո տոպրակ (Ա5);2023-11-26;22:06:18;1;112.5
Женский;1995-06-12;30.0;Այնտեղ, որտեղ խեցգետիններն են երգում;2023-12-24;22:55:36;1;4246.0
Женский;1995-06-12;30.0;Առաքում 1500;2023-06-07;21:59:42;1;1000.0
Женский;1995-06-12;30.0;Ատոմային սովորություններ;2023-12-24;22:55:36;1;5693.5
Женский;1995-06-12;30.0;Թավշյա ճագարը կամ ինչպես են խաղալիքները դառնում իսկական;2023-11-11;22:11:29;1;4526.29
Женский;1995-06-12;30.0;Խաննա;2023-11-11;22:11:29;1;5657.82
Женский;1995-06-12;30.0;Նյումեգյան Էջանիշ. Մեսսի;2023-11-26;22:25:21;1;367.5
Женский;1995-06-12;30.0;Ուժերի նոր բալանս;2023-12-24;22:55:36;1;5626.0
Женский;1995-06-12;30.0;Վիշապաքարի գաղտնիքը;2023-11-26;22:25:21;1;3742.5
Женский;1995-06-12;30.0;Ցտեսություն ծիտ;2023-06-07;21:59:42;1;4850.0
Женский;1995-06-12;30.0;Քարտեզ և Դրոշներ;2023-11-26;22:06:18;1;5550.0
Женский;1981-03-10;44.0;Fashion in Film;2023-12-12;21:59:31;1;11210.0
Женский;1981-03-10;44.0;Recycled Paper Pencil - I Used To Be ANewspaper KitGenius;2023-12-12;22:08:52;1;800.0
Женский;1981-03-10;44.0;Գրիչ PrimeWrite Скейтборд Паттерн 0,7մմ կապույտ;2023-12-12;22:08:52;1;650.0
Женский;1989-10-14;36.0;Anne of Green Gables;2023-03-12;22:09:23;1;4655.0
Женский;1989-10-14;36.0;Desk Friends - Shark;2023-06-21;22:16:26;1;7095.3
Женский;1989-10-14;36.0;Erasable Pen - Shark - Blue;2023-06-21;22:16:26;1;1324.46
Женский;1989-10-14;36.0;Magic Cube;2023-06-21;22:16:26;1;5061.31
Женский;1989-10-14;36.0;Mini Portable Console - Arcade Station;2023-08-12;21:58:33;1;10491.98
Женский;1989-10-14;36.0;Pin Badge Enamel - Harry Potter - DeathlyHallows;2023-03-09;22:05:12;1;2280.0
Женский;1989-10-14;36.0;Pin Badge Enamel - Harry Potter - Hogwarts;2023-03-09;22:05:12;1;2280.0
Женский;1989-10-14;36.0;Pocket Trowel Multi Tool;2023-12-22;23:31:02;1;10586.97
Женский;1989-10-14;36.0;Solar System - Set Of 9 Erasers;2023-06-21;22:16:26;1;3736.86
Женский;1989-10-14;36.0;Zangak էկո տոպրակ (Ա3);2023-06-21;22:16:26;1;295.81
Женский;1989-10-14;36.0;Zangak էկո տոպրակ (Ա4);2023-11-07;22:04:46;1;200.0
Женский;1989-10-14;36.0;Zangak էկո տոպրակ (Ա5);2023-08-12;21:58:33;1;148.02
Женский;1989-10-14;36.0;Zangak էկո տոպրակ (Ա5) ամանորյա;2023-12-22;23:31:02;1;148.03
Женский;1989-10-14;36.0;Бусидо. Военный канон самурая с комментариями;2023-11-16;21:58:15;1;4560.0
Женский;1989-10-14;36.0;Время — деньги!;2023-12-30;23:16:06;1;6375.0
Женский;1989-10-14;36.0;Квантовый воин: сознание будущего;2023-12-30;23:16:06;1;8415.0
Женский;1989-10-14;36.0;Маркер Для Белой Доски Profyboard Зеленый;2023-04-09;21:58:47;1;407.68
Женский;1989-10-14;36.0;Одураченные случайностью. О скрытой ролишанса в бизнесе и в жизни;2023-12-30;23:16:06;1;5185.0
Женский;1989-10-14;36.0;Привычки миллионеров. Принципы денежногомышления;2023-12-30;23:16:06;1;4930.0
Женский;1989-10-14;36.0;Страшные сказки дядюшки Монтегю;2023-11-07;22:04:46;1;7273.28
Женский;1989-10-14;36.0;Страшные сказки с Черного корабля;2023-11-07;22:04:46;1;7273.32
Женский;1989-10-14;36.0;Գրիչ FunWrite Машины Цвет красный 0,5մմ կապույտ;2023-04-09;21:58:47;1;503.77
Женский;1989-10-14;36.0;Գրիչ SlimWrite Black 0,5մմ կապույտ;2023-04-09;21:58:47;2;887.83
Женский;1989-10-14;36.0;Կյանքը հին հռովմեական ճանապարհի վրա;2023-06-21;22:16:26;1;2858.56
Женский;1989-10-14;36.0;Շուտով կգնամ 2-րդ դասարան;2023-08-07;21:59:13;1;970.0
Женский;1989-10-14;36.0;Ռուսերենի բառատետր 30 էջ;2023-04-09;21:58:47;1;334.58
Женский;1989-10-14;36.0;Սթիվ Ջոբս;2023-12-30;23:16:06;1;8491.5
Женский;1989-10-14;36.0;Տեսանելի մաթեմատիկա 1;2023-08-07;21:59:13;1;970.0
Женский;1989-10-14;36.0;Տետր 12 էջ տողանի - Транспорт;2023-05-25;22:02:48;1;124.8
Женский;1989-10-14;36.0;Տետր 12 էջ քառակուսի - Для мальчиков;2023-05-25;22:02:48;1;124.8
Женский;1989-10-14;36.0;Տետր 12 էջ քառակուսի - Транспорт;2023-04-09;21:58:47;1;154.01
Женский;1989-10-14;36.0;Տետր 18 էջ տողանի - Космическое путешествие;2023-04-09;21:58:47;2;366.38
Женский;1989-10-14;36.0;Տետր 18 էջ տողանի - Космическое путешествие;2023-04-09;21:58:47;1;183.19
Женский;1989-10-14;36.0;Տետր 18 էջ քառակուսի - Человек паук;2023-04-09;21:58:47;2;326.14
Женский;1989-10-14;36.0;Տետր 18 էջ քառակուսի - Эра динозавров;2023-05-25;22:02:48;1;144.0
Женский;1989-10-14;36.0;Տետր 24 էջ տողանի - Мяч в игре;2023-05-25;22:02:48;2;424.6
Женский;1989-10-14;36.0;Տետր ֆուտբոլ կարմիր 48 էջ;2023-04-09;21:58:47;1;806.03
Женский;1987-07-04;38.0;Becoming. Իմ պատմությունը;2023-08-01;22:00:46;1;5367.09
Женский;1987-07-04;38.0;Zangak էկո տոպրակ (Ա4);2023-01-28;22:03:43;1;194.46
Женский;1987-07-04;38.0;Карандаш - Sweet Dreams;2023-02-02;22:05:40;1;142.5
Женский;1987-07-04;38.0;Ալպիական մանուշակ;2023-08-01;22:00:46;1;4071.55
Женский;1987-07-04;38.0;Մատիտ - One;2023-02-02;22:05:40;3;456.0
Женский;1987-07-04;38.0;Նահապետի աշունը;2023-01-28;22:03:43;1;6585.84
Женский;1987-07-04;38.0;Փաթեթավորում;2023-08-01;22:00:46;2;875.36
Женский;1990-09-16;35.0;The World According To Karl: The Wit AndWisdom Of Karl Lagerfeld;2023-06-05;19:31:14;1;9120.0
Женский;1990-09-16;35.0;World History;2023-05-13;19:29:33;1;13490.0
Женский;1990-09-16;35.0;Անդրանիկի վերջին ձին;2023-04-20;22:04:35;1;3840.0
Женский;1976-10-18;49.0;Campbell: Magical Dragon Sparkly Stic;2023-12-01;22:00:00;1;3072.0
Женский;1976-10-18;49.0;Confess;2023-09-12;22:01:52;1;5556.21
Женский;1976-10-18;49.0;Hopeless;2023-09-12;22:01:52;1;5744.55
Женский;1976-10-18;49.0;Kafka: Letters to Milena;2023-12-01;22:00:00;1;4032.0
Женский;1976-10-18;49.0;Maximum Achievement;2023-10-03;21:58:31;1;8544.0
Женский;1976-10-18;49.0;Maybe Someday;2023-09-12;22:01:52;1;5556.27
Женский;1976-10-18;49.0;Mini Tick Tock Alarm Clock - Yellow;2023-02-07;21:59:42;1;4416.0
Женский;1976-10-18;49.0;Travel Pillow With Eye Mask - My Travel Buddy - Unicorn;2023-11-22;21:55:38;1;9690.0
Женский;1976-10-18;49.0;Verity;2023-09-12;22:01:52;1;6121.31
Женский;1976-10-18;49.0;Without Merit;2023-09-12;22:01:52;1;5367.87
Женский;1976-10-18;49.0;Zangak էկո տոպրակ (Ա3);2023-04-13;22:02:48;1;297.52
Женский;1976-10-18;49.0;Выйди из зоны комфорта. Рабочая тетрадь;2023-07-15;22:02:12;1;6432.0
Женский;1976-10-18;49.0;Мечтай как женщина, побеждай как мужчина.Мужские секреты достижения успеха, которые должна знать ка;2023-12-01;22:00:00;1;4032.0
Женский;1976-10-18;49.0;Наука влияния;2023-07-15;22:02:12;1;7104.0
Женский;1976-10-18;49.0;Поток: Психология оптимального переживания (обложка);2023-10-09;21:44:11;1;5795.0
Женский;1976-10-18;49.0;Сила уверенности в себе. Секретное оружиедля достижения успеха;2023-02-20;21:54:53;1;8100.0
Женский;1976-10-18;49.0;"Сказать жизни ""ДА!"": психолог в концлагере";2023-12-01;22:00:00;1;5184.0
Женский;1976-10-18;49.0;Արդիբուք Lingua․ Լեզուների աշխարհում մաս1;2023-11-05;21:49:56;1;9801.39
Женский;1976-10-18;49.0;Արդիփեն. Խոսող գրիչ տուփով;2023-11-05;21:49:56;1;19701.6
Женский;1976-10-18;49.0;Նվերը;2023-01-12;22:00:15;1;2688.0
Женский;1976-10-18;49.0;Ուրախ սառնաշաքար;2023-04-13;22:02:48;1;630.37
Женский;1976-10-18;49.0;Տասը ձագուկ (10 գրավիչ ձայն);2023-04-13;22:02:48;1;8448.98
Женский;1976-10-18;49.0;Փաթեթավորում;2023-01-12;22:00:15;1;460.0
Женский;1997-11-04;28.0;Zangak էկո տոպրակ (Ա4);2023-04-25;22:13:33;1;195.12
Женский;1997-11-04;28.0;Алеф;2023-12-06;21:58:21;1;5130.0
Женский;1997-11-04;28.0;Сиддхартха. Путешествие к земле Востока;2023-04-15;21:55:34;1;4032.0
Женский;1997-11-04;28.0;Тысяча сияющих солнц;2023-04-25;22:13:33;1;6941.85
Женский;1997-11-04;28.0;Էջանիշ․ Ֆրանց Կաֆկա;2023-04-25;22:13:33;1;458.43
Мужской;1993-01-01;32.0;44 ՕՐ․ Օրագիր անտեսանելի պատերազմից;2023-07-01;21:58:53;1;15440.0
Мужской;1993-01-01;32.0;Ariel;2023-07-01;21:58:53;1;6336.0
Мужской;1993-01-01;32.0;Cigarette Packet Holder No Smoking - Kitty;2023-01-21;22:14:30;1;3450.0
Мужской;1993-01-01;32.0;Fitness Towel - Stars;2023-12-19;22:35:43;1;5745.23
Мужской;1993-01-01;32.0;Gentlemen - Drink Markers  - Set Of 6;2023-08-29;22:06:36;1;3504.0
Мужской;1993-01-01;32.0;Kahlo;2023-02-13;22:00:05;1;10667.51
Мужской;1993-01-01;32.0;Kaleidoscope - Space;2023-05-09;22:01:37;1;3610.0
Мужской;1993-01-01;32.0;Mobile Photo Clip 10 Clips;2023-12-19;22:35:43;1;4242.67
Мужской;1993-01-01;32.0;Pencil- Ruler;2023-03-21;21:56:05;1;1350.0
Мужской;1993-01-01;32.0;Posters: Box of Assorted Posters;2023-05-09;22:01:37;1;3230.0
Мужской;1993-01-01;32.0;Set Of 3 Hair Scrunchies - Hair We Are! -Stars;2023-05-09;22:01:37;1;3990.0
Мужской;1993-01-01;32.0;Zangak էկո տոպրակ (Ա3) ամանորյա;2023-12-19;22:35:43;1;280.16
Мужской;1993-01-01;32.0;Zangak էկո տոպրակ (Ա4);2023-01-22;22:04:37;1;196.49
Мужской;1993-01-01;32.0;Братья Карамазовы;2023-07-01;21:58:53;1;6912.0
Мужской;1993-01-01;32.0;Искусственный интеллект, авт.Пиковер Клиффорд;2023-06-08;19:44:53;1;8352.0
Мужской;1993-01-01;32.0;Карандаш - Sweet Dreams;2023-03-21;21:56:05;1;150.0
Мужской;1993-01-01;32.0;Открытки - Анна Черкашёва;2023-02-13;22:18:24;1;1930.0
Мужской;1993-01-01;32.0;Шестерка Атласа;2023-06-03;21:58:55;1;6909.26
Мужской;1993-01-01;32.0;Արմենիա, Армения. Armenia ֆոտոալբոմ;2023-08-29;22:13:41;2;16017.78
Мужской;1993-01-01;32.0;Էնեական;2023-01-22;22:04:37;1;6511.39
Мужской;1993-01-01;32.0;Ռետին Attache Selection в картонном держателе;2023-03-21;21:56:05;1;200.0
Мужской;1993-01-01;32.0;Փաթեթավորում;2023-01-22;22:04:37;2;892.22
Мужской;1993-01-01;32.0;Փաթեթավորում 1500;2023-04-04;22:13:17;1;1500.0
Мужской;1993-01-01;32.0;Փոստային բացիկ - SEVBU;2023-12-24;23:18:13;1;1000.0
Женский;1977-12-22;48.0;Dinosaur Pencil Sharpener;2023-10-01;22:12:01;1;2592.0
Женский;1977-12-22;48.0;Zangak էկո տոպրակ (Ա4);2023-08-29;22:01:25;1;196.07
Женский;1977-12-22;48.0;Բացառիկ մոլորակը (50 ուշագրավ գիտափորձ);2023-08-29;22:01:25;1;9494.23
Женский;1977-12-22;48.0;Գունավոր մատիտներ - 18 գույն Me To You;2023-10-01;22:12:01;1;1392.0
Женский;1977-12-22;48.0;Գրիչ ArtClick Путешественница 0,5մմ կապույտ;2023-10-01;22:12:01;1;533.5
Женский;1977-12-22;48.0;Գրիչ HappyClick Мишка на луне 0,5մմ կապույտ;2023-10-01;22:12:01;1;533.5
Женский;1977-12-22;48.0;Ռետին Happy Jungle;2023-10-01;22:12:01;1;364.8
Женский;1977-12-22;48.0;Ռետին SYNTHETIC RUBBER ERASERS;2023-10-01;22:12:01;1;485.0
Женский;1977-12-22;48.0;Տետր Բնագիտություն;2023-08-31;22:11:35;1;853.6
Женский;1977-12-22;48.0;Տետր Հայոց Լեզու;2023-08-31;22:11:35;1;853.6
Женский;1977-12-22;48.0;Տետր Նոյան տապան տողանի 24 էջ;2023-11-09;22:12:11;2;675.5
Женский;1977-12-22;48.0;Տետր Նոյան տապան քառակուսի 24 էջ;2023-11-09;22:12:11;2;675.5
Женский;1977-12-22;48.0;Տետր Պատմություն;2023-08-31;22:11:35;1;669.3
Женский;1977-12-22;48.0;Քանոն 15սմ;2023-10-01;22:12:01;1;768.0
Женский;1985-03-05;40.0;Kids Bottle - Let'S Drink! - Space;2023-07-26;22:08:48;1;6624.0
Женский;1985-03-05;40.0;Mini Tick Tock Alarm Clock - Yellow;2023-12-22;23:31:02;1;4416.0
Женский;1985-03-05;40.0;On The Go Spots Game;2023-07-07;22:05:19;1;4224.0
Женский;1985-03-05;40.0;Saghmos ceramics;2023-07-07;22:05:19;1;4053.0
Женский;1985-03-05;40.0;Zangak էկո տոպրակ (Ա3);2023-11-24;22:44:53;1;225.0
Женский;1985-03-05;40.0;Zipper Pouch Funky Collection - Cactus;2023-07-07;22:05:19;1;3792.0
Женский;1985-03-05;40.0;Աճեցրու ինձ;2023-12-22;23:31:02;1;3395.0
Женский;1985-03-05;40.0;Անվերջանալի գիշեր;2023-09-23;22:01:06;1;3763.5
Женский;1985-03-05;40.0;Աշխարհի ամենախիզախ նավաստին;2023-12-22;23:31:02;1;2900.3
Женский;1985-03-05;40.0;Բլօջիկներ խզբզե՞նք;2023-09-23;22:01:06;1;1930.0
Женский;1985-03-05;40.0;Գունավոր մատիտներ - Super Heroes Space;2023-09-23;22:01:06;1;1824.0
Женский;1985-03-05;40.0;Դեպի դպրոց;2023-12-22;23:31:02;1;5693.5
Женский;1985-03-05;40.0;Ես եմ ամենէն ուժովը;2023-11-24;22:44:53;1;3150.0
Женский;1985-03-05;40.0;Երեք փիսիկ, մեկ հրեշ;2023-11-24;22:44:53;1;2242.5
Женский;1985-03-05;40.0;Էվրիկա;2023-05-26;22:04:42;1;4268.0
Женский;1985-03-05;40.0;Թոմ Սոյերի արկածները;2023-12-22;23:31:02;1;2619.0
Женский;1985-03-05;40.0;Իմ հանճարեղ ընկերուհին;2023-12-22;23:31:02;1;5626.0
Женский;1985-03-05;40.0;Հայկն ու Բելը;2023-11-24;22:44:53;1;900.0
Женский;1985-03-05;40.0;Հանճարեղ մեխանիկը;2023-11-24;22:44:53;1;1462.5
Женский;1985-03-05;40.0;Մոնթեսորի տանը․ Զարգացնող խաղեր;2023-11-24;22:44:53;1;1125.0
Женский;1985-03-05;40.0;Նապաստակի երգը երգող;2023-09-23;22:01:06;1;2605.5
Женский;1985-03-05;40.0;Սուպերհերոս Անահիտի արկածները;2023-11-24;22:44:53;1;9750.0
Женский;1985-03-05;40.0;Քո երկրի դեսպանը;2023-09-23;22:01:06;1;3474.0
Женский;1985-03-05;40.0;Օդանավակայանում․ Փոխակերպվող խաղ-գիրք;2023-07-07;22:05:19;1;1455.0
Женский;1998-07-15;27.0;Generation П;2023-11-02;22:05:08;1;4896.0
Женский;1998-07-15;27.0;Newton'S Cradle;2023-12-20;22:45:30;1;3752.5
Женский;1998-07-15;27.0;Zangak էկո տոպրակ (Ա4);2023-02-20;22:00:00;1;194.29
Женский;1998-07-15;27.0;Zangak էկո տոպրակ (Ա4) ամանորյա;2023-01-19;19:59:59;1;187.28
Женский;1998-07-15;27.0;Zangak էկո տոպրակ (Ա5);2023-11-02;22:05:08;1;150.0
Женский;1998-07-15;27.0;Անծանոթ ինքնակենսագրություն;2023-03-18;21:57:14;1;2880.0
Женский;1998-07-15;27.0;Անհատական MBA;2023-02-20;22:00:00;1;5524.94
Женский;1998-07-15;27.0;Դանդաղություն;2023-11-02;22:05:08;1;3385.3
Женский;1998-07-15;27.0;Դրվածք;2023-01-19;19:59:59;1;6401.72
Женский;1998-07-15;27.0;Սիրային սթիքերներ;2023-02-20;22:00:00;1;842.77
Женский;1998-07-15;27.0;Փաթեթավորում;2023-11-02;22:05:08;2;920.0
Женский;1998-07-15;27.0;Փոստային բացիկ - Հանրապետության հրապարակ1986թ.;2023-12-20;22:45:30;1;1152.0
Женский;1982-02-14;43.0;A Practical English Grammar / Անգլերենի գործնական քերականություն;2023-09-09;22:01:16;1;2688.0
Женский;1982-02-14;43.0;Soap Bubbles -  Panda + Dino + Unicorn+Space;2023-08-21;21:59:51;1;1520.0
Женский;1982-02-14;43.0;Zangak էկո տոպրակ (Ա4);2023-08-21;22:03:35;1;195.24
Женский;1982-02-14;43.0;Вторая жизнь Уве, авт. Бакман Ф.;2023-08-21;22:03:35;1;5835.0
Женский;1982-02-14;43.0;Лампешка;2023-08-21;21:59:51;1;7392.0
Женский;1982-02-14;43.0;Подросток;2023-08-21;22:03:35;1;1759.76
Женский;1982-02-14;43.0;Գրիչ գելային One կապույտ fast dry;2023-03-09;22:05:42;3;960.0
Женский;1982-02-14;43.0;Եռանկյուն քանոն 45°, 10см;2023-03-09;22:05:42;1;350.0
Женский;1982-02-14;43.0;Մատիտ Faber-Castell Bleistift SparklePearl  bordeaux B;2023-03-09;22:05:42;1;850.0
Женский;1982-02-14;43.0;Մատիտ Faber-Castell Jumbo Grip Pink Pencil;2023-03-09;22:05:42;1;900.0
Женский;1982-02-14;43.0;Սրիչ Sketch&Art С Двумя Отверстиями;2023-03-09;22:05:42;1;750.0
Женский;1997-01-30;28.0;Erasable Pen - Bear - Blue;2023-05-27;21:59:34;1;1330.0
Женский;1997-01-30;28.0;Erasable Pen - Piggy - Pink;2023-05-27;21:59:34;1;1330.0
Женский;1997-01-30;28.0;Gel Ink Pen - Black;2023-05-27;21:59:34;1;1235.0
Женский;1997-01-30;28.0;Hanging Decoration Boxed - Harry Potter -Kawaii Hermione;2023-12-07;22:15:10;1;5510.0
Женский;1997-01-30;28.0;Matit notebooks - մանուշակագույն;2023-09-05;21:58:01;1;8448.0
Женский;1997-01-30;28.0;Zangak էկո տոպրակ (Ա5);2023-07-14;22:00:09;1;150.0
Женский;1997-01-30;28.0;Карандаш - Deep Forest;2023-04-22;21:58:30;1;190.0
Женский;1997-01-30;28.0;Тысяча сияющих солнц;2023-12-07;22:15:10;1;7125.0
Женский;1997-01-30;28.0;Ազատ Սյունիք;2023-07-14;22:00:09;1;3360.0
Женский;1997-01-30;28.0;Գրիչ FunWrite Велосипеды 0,5մմ կապույտ;2023-04-22;21:58:30;1;528.0
Женский;1997-01-30;28.0;Փաթեթավորում;2023-12-03;21:58:51;2;920.0
Женский;1992-08-11;33.0;Erasable Pen - Unicorn - Pink;2023-07-13;22:05:56;1;1344.0
Женский;1992-08-11;33.0;Eraser Pen - Oops! - Flora;2023-08-16;21:59:32;1;1450.0
Женский;1992-08-11;33.0;Eraser Pen - Oops! - Travel;2023-11-15;22:25:36;1;1450.0
Женский;1992-08-11;33.0;Zangak էկո տոպրակ (Ա4);2023-02-20;22:02:57;2;389.74
Женский;1992-08-11;33.0;Карандаш механический цанговый Сердечки,HB 2мм;2023-04-08;22:04:42;1;504.4
Женский;1992-08-11;33.0;Открытка - Ереван;2023-12-17;22:23:39;1;768.0
Женский;1992-08-11;33.0;Счастье Муры;2023-04-24;21:59:08;1;4032.0
Женский;1992-08-11;33.0;Արքայադուստրեր։ Պատկերախաղ;2023-10-26;22:12:35;1;2784.0
Женский;1992-08-11;33.0;Գրիչ Basicwrite կապույտ;2023-08-16;21:59:32;2;980.0
Женский;1992-08-11;33.0;Գրիչ Original Stick;2023-08-16;21:59:32;1;220.0
Женский;1992-08-11;33.0;Ես և շրջակա աշխարհը 3 Թեմատիկ և կիսամյակային;2023-02-11;21:49:41;1;336.0
Женский;1992-08-11;33.0;Երևանյան հեքիաթներ;2023-12-04;22:08:15;1;4753.0
Женский;1992-08-11;33.0;Թելեթրիփ;2023-02-20;22:02:57;2;6988.26
Женский;1992-08-11;33.0;Իմ առաջին այբուբենը;2023-12-04;22:08:15;1;1826.43
Женский;1992-08-11;33.0;Ինքնուրույն ընթերցանության նյութեր 3;2023-08-22;21:58:28;1;1737.0
Женский;1992-08-11;33.0;Հայտորոշիչ թեստեր Մայրենի 2;2023-01-22;21:57:46;1;776.0
Женский;1992-08-11;33.0;Հայտորոշիչ թեստեր Մայրենի 3;2023-08-22;21:58:28;1;873.0
Женский;1992-08-11;33.0;Մաթեմատիկայի թեստերի ժողովածու 2-4;2023-01-22;21:57:46;1;1552.0
Женский;1992-08-11;33.0;Մայրենի 3-1;2023-03-09;22:05:12;1;1450.0
Женский;1992-08-11;33.0;Ռուսաց լեզու 3. տետր 1;2023-04-09;22:07:17;1;566.4
Женский;1992-08-11;33.0;Տետր 48 էջ քառակուսի - Me To You;2023-11-21;22:00:14;1;370.5
Женский;1992-08-11;33.0;Տետր 48թ տողանի - Lady Style;2023-04-08;22:04:42;1;378.3
Женский;1992-08-11;33.0;Տետր Հայոց Լեզու;2023-04-09;22:07:17;1;844.8
Женский;1968-07-28;57.0;Zangak էկո տոպրակ (Ա3);2023-02-16;22:32:41;1;295.77
Женский;1968-07-28;57.0;Zangak էկո տոպրակ (Ա3) ամանորյա;2023-12-24;23:05:07;1;295.91
Женский;1968-07-28;57.0;Zangak էկո տոպրակ (Ա4);2023-02-16;22:32:41;1;196.18
Женский;1968-07-28;57.0;Капитал в одном томе. Полная версия;2023-12-24;23:05:07;1;6460.88
Женский;1968-07-28;57.0;Хитроумный идальго Дон Кихот Ламанчский (иллюстр. Г.Доре);2023-01-05;22:01:48;1;9312.0
Женский;1968-07-28;57.0;Черный лебедь. Под знаком непредсказуемости;2023-11-30;21:58:41;1;7200.0
Женский;1968-07-28;57.0;ԱԲԳ;2023-02-16;22:32:41;1;7036.73
Женский;1968-07-28;57.0;Ալիսը հրաշքների աշխարհում;2023-02-16;22:32:41;1;2472.37
Женский;1968-07-28;57.0;Անասնաֆերմա;2023-09-06;22:02:30;1;2947.81
Женский;1968-07-28;57.0;Առանց ընտանիքի;2023-12-24;23:05:07;1;3501.53
Женский;1968-07-28;57.0;Ավետարան ըստ Հիսուսի;2023-09-06;22:02:30;1;5905.46
Женский;1968-07-28;57.0;Բուդենբրոոկներ․ մի ընտանիքի անկումը;2023-02-16;22:32:41;1;6856.54
Женский;1968-07-28;57.0;Գրաֆալո;2023-02-16;22:32:41;1;3328.18
Женский;1968-07-28;57.0;Դոկտոր Ժիվագո;2023-09-06;22:02:30;1;5905.48
Женский;1968-07-28;57.0;Երջանկություն վաճառողը;2023-12-24;23:05:07;1;3974.67
Женский;1968-07-28;57.0;Լինում է չի լինում;2023-02-16;22:32:41;1;4944.73
Женский;1968-07-28;57.0;Մանի անունով շունը;2023-12-24;23:05:07;1;3690.79
Женский;1968-07-28;57.0;Նեղ դուռը;2023-12-24;23:05:07;1;2829.62
Женский;1968-07-28;57.0;Պատահականության խաբկանքից մոլորվածները;2023-11-30;21:58:41;1;7663.0
Женский;1968-07-28;57.0;Սրտխառնոց;2023-09-06;22:02:30;1;5905.48
Женский;1981-03-03;44.0;Arcade Mini;2023-09-16;21:57:00;1;8243.05
Женский;1981-03-03;44.0;Hadid;2023-02-10;21:59:26;1;10459.83
Женский;1981-03-03;44.0;Tumbling Tower Game;2023-03-25;21:59:14;1;10368.0
Женский;1981-03-03;44.0;Zangak էկո տոպրակ (Ա3);2023-02-28;19:58:44;1;292.5
Женский;1981-03-03;44.0;Zangak էկո տոպրակ (Ա4);2023-02-15;20:00:14;1;200.0
Женский;1981-03-03;44.0;Собери сам;2023-11-13;22:28:35;1;1995.0
Женский;1981-03-03;44.0;Ալեքսանդր Մակեդոնացու պատմություն: Ասորականք: Միհրդատականք;2023-02-20;22:08:07;1;5723.0
Женский;1981-03-03;44.0;Բառատետր 48 էջ - English Vocabulary;2023-08-31;22:11:35;1;810.29
Женский;1981-03-03;44.0;Թոմ Գեյթս. Հիանալի արդարացումներ;2023-11-20;22:10:21;1;3264.0
Женский;1981-03-03;44.0;Թոմ Գեյթսի սքանչափայլ աշխարհը;2023-11-13;22:28:35;1;2784.0
Женский;1981-03-03;44.0;Ծաղրասարյակ սպանելը;2023-05-27;21:58:57;1;5644.8
Женский;1981-03-03;44.0;Կախարդական կոճակներ;2023-02-28;19:58:44;1;4252.5
Женский;1981-03-03;44.0;Կոնրադը;2023-07-22;22:04:51;1;3744.0
Женский;1981-03-03;44.0;Կրծքանշան;2023-08-31;22:11:35;2;1041.41
Женский;1981-03-03;44.0;Հայաստանի և Արցախի քարտեզ պատի;2023-09-16;21:57:00;1;2366.77
Женский;1981-03-03;44.0;Հայրիկ, դու խենթ ես;2023-08-27;21:50:10;1;3350.4
Женский;1981-03-03;44.0;Ձայնավոր այբուբեն (կարմիր);2023-10-21;22:10:55;1;9504.0
Женский;1981-03-03;44.0;Մաթեմատիկա 1 Առաջին մաս;2023-08-31;22:11:35;1;1657.4
Женский;1981-03-03;44.0;Մանուկների Աստվածաշունչ;2023-06-08;21:59:23;1;5400.0
Женский;1981-03-03;44.0;Նկարիչ թե՞ գյուտարար;2023-02-15;20:00:14;1;1891.5
Женский;1981-03-03;44.0;Չարլին և շոկոլադի գործարանը;2023-07-22;22:04:51;1;4704.0
Женский;1981-03-03;44.0;Պինոկիո;2023-02-28;19:58:44;1;6804.0
Женский;1981-03-03;44.0;Պիպին Հարավային ծովում;2023-07-22;22:04:51;1;2112.0
Женский;1981-03-03;44.0;Ռապունցելը (կպչուկներով հեքիաթժամանց);2023-02-15;20:00:14;1;1930.3
Женский;1981-03-03;44.0;Սփիֆեն;2023-05-18;21:58:49;1;2400.0
Женский;1981-03-03;44.0;Տետր 48 էջ - Русский Язык;2023-08-31;22:11:35;1;810.29
Женский;1981-03-03;44.0;Տետր Գրականություն;2023-09-16;21:57:00;1;833.1
Женский;1981-03-03;44.0;Տետր Հայոց Լեզու;2023-08-31;22:11:35;1;844.8
Женский;1981-03-03;44.0;Տետր Մաթեմատիկա;2023-08-31;22:11:35;1;844.8
Женский;1981-03-03;44.0;Տետր Նոյան տապան տողանի 12 էջ;2023-08-31;22:11:35;3;497.23
Женский;1981-03-03;44.0;Տետր Նոյան տապան քառակուսի 12 էջ;2023-08-31;22:11:35;3;497.22
Женский;1981-03-03;44.0;Տետր Պատմություն;2023-09-16;21:57:00;1;653.23
Женский;1981-03-03;44.0;Տետրի կազմ 20 հատ;2023-08-31;22:11:35;1;384.31
Женский;1986-05-16;39.0;150 Հոբելյանական ընտրանի;2023-07-31;21:59:01;1;6658.5
Женский;1986-05-16;39.0;Great Expectations;2023-11-16;22:00:00;1;8828.17
Женский;1986-05-16;39.0;Saghmos ceramics;2023-06-07;22:13:58;1;4053.0
Женский;1986-05-16;39.0;Zangak էկո տոպրակ (Ա4);2023-11-16;22:00:00;1;195.83
Женский;1986-05-16;39.0;Հայտնի հեքիաթագիրներ․ Իսահակյան;2023-07-31;21:59:01;1;868.5
Женский;1986-05-16;39.0;Մի կյանքի պատմություն;2023-06-07;22:13:58;1;4728.5
Женский;1986-05-16;39.0;Շուտով կգնամ 3-րդ դասարան;2023-06-07;22:13:58;1;970.0
Мужской;1988-04-28;37.0;33 стратегии войны;2023-09-08;22:03:18;1;3666.0
Мужской;1988-04-28;37.0;A World History of Art;2023-05-03;22:06:15;1;37632.0
Мужской;1988-04-28;37.0;Brave New World;2023-03-16;22:07:27;1;9024.0
Мужской;1988-04-28;37.0;Greek Myths;2023-10-31;22:04:14;1;27072.0
Мужской;1988-04-28;37.0;Jazzlife;2023-10-24;22:02:26;1;42098.0
Мужской;1988-04-28;37.0;Multi Voice Changer;2023-08-17;21:07:34;1;6000.0
Мужской;1988-04-28;37.0;Zangak էկո տոպրակ (Ա4);2023-09-08;22:03:18;1;200.0
Мужской;1988-04-28;37.0;Наука влияния;2023-09-08;22:03:18;1;5546.0
Мужской;1988-04-28;37.0;Почему им можно, а нам нельзя? Откудаберутся социальные нормы;2023-10-31;22:04:14;1;6365.0
Мужской;1988-04-28;37.0;Развитие лидеров: Как понять свой стиль управления иэффективно общаться с носителями иных стилей;2023-10-11;22:08:30;1;5800.0
Мужской;1988-04-28;37.0;Հակափխրունություն;2023-02-12;22:19:33;1;7584.0
Мужской;1988-04-28;37.0;Հզոր իր կամոք;2023-05-03;22:06:15;1;6780.3
Мужской;1988-04-28;37.0;Մեծ բարի հսկան;2023-02-12;22:13:30;1;3350.4
Мужской;1988-04-28;37.0;Շարլոթի սարդոստայնը;2023-04-07;22:00:00;1;3201.0
Мужской;1988-04-28;37.0;Շունն ու կատուն խճանկար;2023-04-07;22:00:00;1;2798.5
Мужской;1988-04-28;37.0;Պիպին նավի վրա;2023-04-07;22:00:00;1;2134.0
Женский;2020-02-02;5.0;Lunch Box - Travel;2023-07-30;21:56:21;1;8375.4
Женский;2020-02-02;5.0;Storybook Flashlight;2023-07-30;21:56:21;1;4949.1
Женский;2020-02-02;5.0;Vacuum Tumbler - Hot & Cold 325 Ml - Flamingo;2023-07-30;21:56:21;1;9707.85
Женский;2020-02-02;5.0;Zangak էկո տոպրակ (Ա3);2023-07-30;21:56:21;2;595.05
Женский;2020-02-02;5.0;Zangak էկո տոպրակ (Ա4);2023-04-10;21:59:35;1;200.0
Женский;2020-02-02;5.0;Ալբերտ Էյնշտեյն;2023-07-30;21:56:21;1;3827.0
Женский;2020-02-02;5.0;Բանտային գրառումներ;2023-07-30;21:56:21;1;3348.62
Женский;2020-02-02;5.0;Գարեգին Նժդեհ․ Ասույթներ;2023-07-30;21:56:21;1;2404.37
Женский;2020-02-02;5.0;Թղթապանակ - сказочные единороги А6;2023-07-30;21:56:21;1;2189.02
Женский;2020-02-02;5.0;Թվային գրագիտություն և համակարգչային գիտություն  2:Աշխատանքային տետր;2023-04-10;21:59:35;1;485.0
Женский;2020-02-02;5.0;Ինչ է կյանքը;2023-07-30;21:56:21;1;3750.86
Женский;2020-02-02;5.0;Ինչպես է կայանում պետությունը;2023-07-30;21:56:21;1;7684.38
Женский;2020-02-02;5.0;Հիշիր պատերազմը, Խուստուփյան կանչեր;2023-07-30;21:56:21;1;3366.12
Женский;2020-02-02;5.0;Մայրենի 2 կիսամյակ I Աշխատանքային տետր;2023-07-30;21:56:21;2;673.22
Женский;2020-02-02;5.0;Մայրենի 2 կիսամյակ II Աշխատանքային տետր;2023-07-30;21:56:21;2;673.22
Женский;2020-02-02;5.0;Մայրենի 2 Սփյուռքի դպրոցների համար;2023-07-30;21:56:21;1;1731.15
Женский;2020-02-02;5.0;Մայրենի 2: Սփյուռքի դպրոցների համար: Տետր2;2023-07-30;21:56:21;2;961.75
Женский;2020-02-02;5.0;Որդիների պայքարը հայրերի դեմ;2023-07-30;21:56:21;1;3366.12
Женский;2020-02-02;5.0;Պայքարելու իրավունքը;2023-07-30;21:56:21;1;5193.45
Женский;2020-02-02;5.0;Տետր 48 Էջ քառակուսի - Волшебные Миры;2023-07-30;21:56:21;3;1541.85
Женский;2020-02-02;5.0;Տետր 48 Էջ քառակուսի - Городская Прогулка;2023-07-30;21:56:21;3;1541.85
Женский;2020-02-02;5.0;Փուփելը Ծխնելույզների քաղաքից;2023-04-10;21:59:35;1;4656.0
Женский;2020-02-02;5.0;Ֆիզիկական օրենքների բնույթը;2023-07-30;21:56:21;1;3750.82
Женский;2005-07-27;20.0;Erasable Pen - Shark - Blue;2023-10-08;22:04:45;1;1321.89
Женский;2005-07-27;20.0;I Used To Be A Newspaper Recycled Paper Pencil - Stars;2023-10-08;22:04:45;1;755.37
Женский;2005-07-27;20.0;Led Reading Light - Mini Night Dream;2023-12-28;23:00:25;1;5015.0
Женский;2005-07-27;20.0;Meow Mechanical Pencil;2023-12-28;23:00:25;1;1615.0
Женский;2005-07-27;20.0;Mini Scissors - Meow - Kitty;2023-09-20;21:58:25;1;2304.0
Женский;2005-07-27;20.0;Mousepad - Kitty;2023-12-28;23:00:25;1;3485.0
Женский;2005-07-27;20.0;Scented Eraser - Meow - Kitty;2023-12-28;23:00:25;1;1147.5
Женский;2005-07-27;20.0;Seven Husbands of Evelyn Hugo;2023-03-12;21:50:49;1;5856.0
Женский;2005-07-27;20.0;Solar System - Set Of 9 Erasers;2023-10-08;22:04:45;1;3729.63
Женский;2005-07-27;20.0;The secret garden;2023-10-08;22:04:45;1;3037.48
Женский;2005-07-27;20.0;Zangak էկո տոպրակ (Ա3);2023-04-11;21:57:02;1;300.0
Женский;2005-07-27;20.0;Zangak էկո տոպրակ (Ա4);2023-10-08;22:04:45;1;197.45
Женский;2005-07-27;20.0;Zangak էկո տոպրակ (Ա5);2023-10-08;22:04:45;1;150.0
Женский;2005-07-27;20.0;Багдадская встреча;2023-01-10;21:57:19;1;2016.0
Женский;2005-07-27;20.0;Гончая смерти;2023-01-10;21:57:19;1;2016.0
Женский;2005-07-27;20.0;Приглашение на казнь;2023-12-28;23:00:25;1;3740.0
Женский;2005-07-27;20.0;Убить легко;2023-01-10;21:57:19;1;2016.0
Женский;2005-07-27;20.0;Ամանորյա էջանիշ;2023-03-12;21:50:49;1;242.5
Женский;2005-07-27;20.0;Ամանորյա նվերային պիտակ;2023-11-29;21:47:55;1;242.5
Женский;2005-07-27;20.0;Անսովոր ուժեր;2023-08-08;22:01:54;1;3298.0
Женский;2005-07-27;20.0;Աշխարհի մեծագույն վաճառականը;2023-08-17;21:52:08;1;2412.5
Женский;2005-07-27;20.0;Բզբզալիք;2023-08-17;21:52:08;1;2412.5
Женский;2005-07-27;20.0;Գտիր մեմը;2023-12-17;22:01:45;1;6240.0
Женский;2005-07-27;20.0;Գրիչ գելային Pin սև;2023-08-23;21:49:30;1;300.0
Женский;2005-07-27;20.0;Գրիչ կապույտ - Гарри Поттер;2023-11-10;22:01:46;1;300.0
Женский;2005-07-27;20.0;Երկիր անապատ;2023-04-05;22:08:49;1;1611.55
Женский;2005-07-27;20.0;Զբոսանք;2023-07-26;22:08:48;1;2900.3
Женский;2005-07-27;20.0;Էջանիշ Էնդի Ուորհոլ;2023-09-15;21:50:30;1;475.3
Женский;2005-07-27;20.0;Էջանիշ․ Ուիլյամ Սարոյան;2023-09-15;21:50:30;1;475.3
Женский;2005-07-27;20.0;Էջանիշ․ Օդրի Հեփբերն;2023-08-19;21:56:46;1;475.3
Женский;2005-07-27;20.0;Էջանիշ․ Ֆրանց Կաֆկա;2023-09-15;21:50:30;1;475.3
Женский;2005-07-27;20.0;Թումանյանական սթիքեր;2023-09-15;21:50:30;1;864.0
Женский;2005-07-27;20.0;Լատիներենի դասագիրք;2023-12-03;22:02:14;1;1406.5
Женский;2005-07-27;20.0;Խոհանոց;2023-11-29;21:47:55;1;2900.3
Женский;2005-07-27;20.0;Կոկոլոգիա Ինքնաբացահայտման խաղեր;2023-09-13;21:51:48;1;970.0
Женский;2005-07-27;20.0;Կտավիկ ՄԵԾ - Թվահամարներով նկարչություն;2023-11-27;21:52:38;1;3400.0
Женский;2005-07-27;20.0;Կրծքանշան;2023-08-16;22:07:11;3;1600.5
Женский;2005-07-27;20.0;Հույն Զոռբան;2023-05-08;21:52:37;1;5810.3
Женский;2005-07-27;20.0;Մաշան և արջը - գիրք թատրոն;2023-09-25;22:00:00;1;2798.5
Женский;2005-07-27;20.0;Մասնաճյուղ;2023-04-05;22:08:49;1;3385.3
Женский;2005-07-27;20.0;Մենք;2023-04-05;22:08:49;1;3385.3
Женский;2005-07-27;20.0;Մեջքով երազի քո կեսին հենված;2023-11-08;22:02:47;1;2990.0
Женский;2005-07-27;20.0;Մրջյուն Սևիկը - Ընկերները;2023-04-09;21:50:54;2;2123.0
Женский;2005-07-27;20.0;Մրջյուն Սևիկը - Մեղուների օգնականը;2023-04-09;21:50:54;1;1061.5
Женский;2005-07-27;20.0;Նախադպրոցական տետր;2023-04-11;21:57:02;1;5307.5
Женский;2005-07-27;20.0;Շատ քաղցած թրթուրը;2023-10-08;22:04:45;1;2393.17
Женский;2005-07-27;20.0;Ոսկե տաճարը;2023-12-28;23:00:25;1;5091.5
Женский;2005-07-27;20.0;Պլաստիլին 6հ 175գր․;2023-11-22;21:55:38;1;650.0
Женский;2005-07-27;20.0;Սև կապիկը;2023-07-28;21:57:56;1;4355.3
Женский;2005-07-27;20.0;Սիրային բացիկ - Սեր;2023-08-19;21:56:46;1;970.0
Женский;2005-07-27;20.0;Սոլարիս;2023-09-13;21:51:48;1;3870.3
Женский;2005-07-27;20.0;Տիրուհին;2023-07-26;22:08:48;1;1930.3
Женский;2005-07-27;20.0;Փաթեթավորում;2023-12-17;22:01:45;1;460.0
Женский;2005-07-27;20.0;Փոստային բացիկ - Գյումրի;2023-11-22;21:55:38;1;965.0
Женский;2005-07-27;20.0;Փոքրիկ Իշխանը - կենդանի գիրք;2023-10-08;22:04:45;1;12434.68